idx;x_left;x_right;expected_letter;expected_kind;best;S1;h2;S2;h3;S3;h4;S4;h5;S5
1;0;36;A;letter;A;1.0;X;0.1440182939793933;R;0.12994221600142125;J;0.1278088733206214;K;0.12214161724410345
2;41;84;M;letter;M;1.0;D;0.25837416254526197;H;0.22852728541025608;B;0.1944798543069107;N;0.17838278487638007
3;89;125;A;letter;A;1.0;X;0.1440182939793933;R;0.12994221600142125;J;0.1278088733206214;K;0.12214161724410345
4;130;163;R;letter;R;1.0;K;0.21881158153617758;X;0.19499431728033043;B;0.19065877874141374;D;0.186241906761352
5;186;223;N;letter;N;1.0;U;0.2079285419296048;H;0.19415101544225222;D;0.1851680503536685;P;0.18270665197682293
6;228;261;O;letter;O;1.0;Q;0.2268498018196028;G;0.20665390180552465;S;0.1619343481605936;C;0.15917808765855873
7;284;312;E;letter;E;1.0;F;0.24891589207639706;L;0.20492920974484913;P;0.19427744585127185;B;0.19154455426198022
8;317;339;S;letter;S;1.0;Q;0.16318847008878617;O;0.1619343481605936;D;0.16051814939893372;Ñ;0.15927781825056897
9;362;405;M;letter;M;1.0;D;0.25837416254526197;H;0.22852728541025608;B;0.1944798543069107;N;0.17838278487638007
10;410;424;I;letter;I;0.1340862929110549;R;0.13214472768507274;X;0.12605476209047728;J;0.1225292151327793;S;0.12214343080644932
11;429;462;R;letter;R;1.0;K;0.21881158153617758;X;0.19499431728033043;B;0.19065877874141374;D;0.186241906761352
12;467;503;A;letter;A;1.0;X;0.1440182939793933;R;0.12994221600142125;J;0.1278088733206214;K;0.12214161724410345
13;508;541;R;letter;R;1.0;K;0.21881158153617758;X;0.19499431728033043;B;0.19065877874141374;D;0.186241906761352
14;546;568;S;letter;S;1.0;Q;0.16318847008878617;O;0.1619343481605936;D;0.16051814939893372;Ñ;0.15927781825056897
15;573;601;E;letter;E;1.0;F;0.24891589207639706;L;0.20492920974484913;P;0.19427744585127185;B;0.19154455426198022
16;624;652;E;letter;E;1.0;F;0.24891589207639706;L;0.20492920974484913;P;0.19427744585127185;B;0.19154455426198022
17;657;685;L;letter;L;1.0;E;0.20492920974484913;F;0.1813575083904037;K;0.1609538002601834;U;0.1465715318527577
18;708;744;U;letter;U;1.0;N;0.2079285419296048;H;0.20079782494452114;K;0.17933233697476414;F;0.16791985458470204
19;749;786;N;letter;N;1.0;U;0.2079285419296048;H;0.19415101544225222;D;0.1851680503536685;P;0.18270665197682293
20;791;824;O;letter;O;1.0;Q;0.2268498018196028;G;0.20665390180552465;S;0.1619343481605936;C;0.15917808765855873
21;847;883;A;letter;A;1.0;X;0.1440182939793933;R;0.12994221600142125;J;0.1278088733206214;K;0.12214161724410345
22;888;916;L;letter;L;1.0;E;0.20492920974484913;F;0.1813575083904037;K;0.1609538002601834;U;0.1465715318527577
23;939;972;O;letter;O;1.0;Q;0.2268498018196028;G;0.20665390180552465;S;0.1619343481605936;C;0.15917808765855873
24;977;1004;T;letter;T;0.22140100901479418;I;0.19538305363088124;Y;0.1861446969848532;V;0.1471998832647172;J;0.14692177903992346
25;1009;1042;R;letter;R;1.0;K;0.21881158153617758;X;0.19499431728033043;B;0.19065877874141374;D;0.186241906761352
26;1047;1080;O;letter;O;1.0;Q;0.2268498018196028;G;0.20665390180552465;S;0.1619343481605936;C;0.15917808765855873
27;1085;1091;;punct;Z;0.06522011904661314;S;0.06481823437838159;A;0.06385323766275655;G;0.062286477803108115;C;0.062231299300254006
28;1113;1135;S;letter;S;1.0;Q;0.16318847008878617;O;0.1619343481605936;D;0.16051814939893372;Ñ;0.15927781825056897
29;1140;1154;I;letter;I;0.1340862929110549;R;0.13214472768507274;X;0.12605476209047728;J;0.1225292151327793;S;0.12214343080644932
30;1159;1196;N;letter;N;1.0;U;0.2079285419296048;H;0.19415101544225222;D;0.1851680503536685;P;0.18270665197682293
31;1201;1234;O;letter;O;1.0;Q;0.2268498018196028;G;0.20665390180552465;S;0.1619343481605936;C;0.15917808765855873
32;1257;1300;M;letter;M;1.0;D;0.25837416254526197;H;0.22852728541025608;B;0.1944798543069107;N;0.17838278487638007
33;1305;1319;I;letter;I;0.1340862929110549;R;0.13214472768507274;X;0.12605476209047728;J;0.1225292151327793;S;0.12214343080644932
34;1324;1357;R;letter;R;1.0;K;0.21881158153617758;X;0.19499431728033043;B;0.19065877874141374;D;0.186241906761352
35;1362;1398;A;letter;A;1.0;X;0.1440182939793933;R;0.12994221600142125;J;0.1278088733206214;K;0.12214161724410345
36;1403;1436;R;letter;R;1.0;K;0.21881158153617758;X;0.19499431728033043;B;0.19065877874141374;D;0.186241906761352
37;1459;1477;J;letter;J;1.0;I;0.1697843670094984;X;0.16665587938898846;Y;0.14858463344485254;N;0.14357722169324583
38;1482;1518;U;letter;U;1.0;N;0.2079285419296048;H;0.20079782494452114;K;0.17933233697476414;F;0.16791985458470204
39;1523;1560;N;letter;N;1.0;U;0.2079285419296048;H;0.19415101544225222;D;0.1851680503536685;P;0.18270665197682293
40;1565;1592;T;letter;T;0.22140100901479418;I;0.19538305363088124;Y;0.1861446969848532;V;0.1471998832647172;J;0.14692177903992346
41;1597;1630;O;letter;O;1.0;Q;0.2268498018196028;G;0.20665390180552465;S;0.1619343481605936;C;0.15917808765855873
42;1635;1657;S;letter;S;1.0;Q;0.16318847008878617;O;0.1619343481605936;D;0.16051814939893372;Ñ;0.15927781825056897
43;1680;1708;E;letter;E;1.0;F;0.24891589207639706;L;0.20492920974484913;P;0.19427744585127185;B;0.19154455426198022
44;1713;1750;N;letter;N;1.0;U;0.2079285419296048;H;0.19415101544225222;D;0.1851680503536685;P;0.18270665197682293
45;1773;1801;L;letter;L;1.0;E;0.20492920974484913;F;0.1813575083904037;K;0.1609538002601834;U;0.1465715318527577
46;1806;1842;A;letter;A;1.0;X;0.1440182939793933;R;0.12994221600142125;J;0.1278088733206214;K;0.12214161724410345
47;1865;1908;M;letter;M;1.0;D;0.25837416254526197;H;0.22852728541025608;B;0.1944798543069107;N;0.17838278487638007
48;1913;1927;I;letter;I;0.1340862929110549;R;0.13214472768507274;X;0.12605476209047728;J;0.1225292151327793;S;0.12214343080644932
49;1932;1954;S;letter;S;1.0;Q;0.16318847008878617;O;0.1619343481605936;D;0.16051814939893372;Ñ;0.15927781825056897
50;1959;2002;M;letter;M;1.0;D;0.25837416254526197;H;0.22852728541025608;B;0.1944798543069107;N;0.17838278487638007
51;2007;2043;A;letter;A;1.0;X;0.1440182939793933;R;0.12994221600142125;J;0.1278088733206214;K;0.12214161724410345
52;2066;2100;D;letter;D;1.0;H;0.27332055769118;M;0.25837416254526197;B;0.2579232722581157;R;0.186241906761352
53;2105;2119;I;letter;I;0.1340862929110549;R;0.13214472768507274;X;0.12605476209047728;J;0.1225292151327793;S;0.12214343080644932
54;2124;2157;R;letter;R;1.0;K;0.21881158153617758;X;0.19499431728033043;B;0.19065877874141374;D;0.186241906761352
55;2162;2190;E;letter;E;1.0;F;0.24891589207639706;L;0.20492920974484913;P;0.19427744585127185;B;0.19154455426198022
56;2195;2225;C;letter;C;1.0;G;0.1865286785729094;O;0.15917808765855873;D;0.14410875288772168;R;0.1438519360594898
57;2230;2260;C;letter;C;1.0;G;0.1865286785729094;O;0.15917808765855873;D;0.14410875288772168;R;0.1438519360594898
58;2265;2279;I;letter;I;0.1340862929110549;R;0.13214472768507274;X;0.12605476209047728;J;0.1225292151327793;S;0.12214343080644932
59;2284;2305;;punct;S;0.13301337064055885;G;0.1179178220409613;O;0.11267542214836408;Q;0.10573353966127162;Ñ;0.10380526959235659
60;2309;2346;N;letter;N;1.0;U;0.2079285419296048;H;0.19415101544225222;D;0.1851680503536685;P;0.18270665197682293
